playerId,birthDate
8445550,1969-12-10
8445735,1970-08-09
8445739,1971-01-27
8446053,1962-01-25
8446485,1971-05-24
8446788,1969-12-13
8447958,1971-01-01
8448208,1972-02-15
8448772,1965-07-16
8449645,1970-06-07
8449895,1972-02-12
8449924,1968-07-03
8450725,1968-02-01
8450824,1969-03-26
8450900,1966-05-23
8450978,1970-01-17
8451101,1969-07-07
8451224,1969-06-12
8451302,1969-01-23
8451359,1971-06-29
8451774,1971-02-13
8455919,1971-09-04
8456283,1971-07-10
8456464,1970-11-09
8456547,1970-08-10
8456588,1971-03-30
8456850,1971-04-24
8456887,1972-05-03
8456966,1970-12-19
8457063,1970-04-28
8457261,1971-11-29
8457981,1970-07-03
8458172,1972-05-13
8458229,1972-03-28
8458361,1971-01-21
8458494,1970-07-22
8458517,1973-08-31
8458519,1973-01-17
8458520,1973-07-20
8458525,1973-02-21
8458527,1973-03-24
8458529,1973-02-24
8458530,1973-07-30
8458536,1973-06-15
8458537,1972-05-08
8458541,1973-07-28
8458543,1972-12-04
8458573,1972-10-03
8458590,1972-07-04
8458637,1971-10-13
8458938,1974-04-12
8458943,1973-12-20
8458951,1974-04-13
8458954,1973-11-02
8458976,1974-03-26
8458982,1972-04-01
8459001,1972-12-22
8459004,1974-09-13
8459024,1973-06-24
8459053,1973-07-03
8459064,1973-04-23
8459094,1974-01-19
8459122,1974-05-09
8459246,1972-01-07
8459406,1972-07-15
8459424,1974-10-10
8459425,1975-07-05
8459426,1974-10-16
8459427,1974-12-28
8459428,1975-02-14
8459429,1974-10-11
8459433,1975-02-20
8459441,1975-03-13
8459442,1974-11-23
8459443,1975-01-09
8459444,1975-02-02
8459450,1975-01-22
8459454,1974-12-27
8459457,1975-07-24
8459461,1975-08-15
8459462,1975-06-08
8459479,1973-05-24
8459492,1975-02-17
8459493,1975-06-24
8459514,1974-10-24
8459534,1974-10-22
8459547,1973-07-19
8459574,1975-03-15
8459587,1973-08-12
8459596,1973-08-24
8459628,1975-04-06
8459640,1975-01-05
8459648,1974-11-29
8459670,1975-03-18
8459687,1974-12-31
8460105,1976-01-09
8460254,1973-01-04
8460465,1976-11-19
8460492,1976-06-26
8460496,1976-02-21
8460500,1976-03-23
8460502,1976-07-03
8460503,1976-09-09
8460504,1975-09-22
8460507,1976-06-04
8460527,1976-06-14
8460533,1976-02-20
8460540,1976-02-03
8460541,1976-05-27
8460542,1976-04-13
8460555,1975-07-17
8460556,1974-10-08
8460561,1976-07-13
8460562,1976-08-20
8460567,1976-03-08
8460577,1976-02-14
8460580,1976-08-12
8460621,1972-12-11
8460626,1976-02-11
8460639,1975-02-08
8460661,1975-11-08
8460719,1974-07-06
8460720,1976-08-17
8460735,1976-01-06
8460743,1973-01-23
8460770,1976-03-16
8462033,1977-06-12
8462036,1976-09-27
8462038,1976-10-10
8462041,1977-03-09
8462042,1977-07-01
8462045,1977-09-08
8462050,1976-10-01
8462060,1976-12-07
8462077,1977-06-21
8462093,1977-07-12
8462115,1976-10-14
8462118,1977-07-17
8462129,1977-03-11
8462176,1977-01-07
8462196,1977-03-03
8462209,1975-02-26
8462225,1976-12-29
8462535,1976-02-07
8462823,1974-06-25
8464956,1978-03-09
8464957,1978-04-01
8464960,1978-04-16
8464962,1974-11-02
8464966,1978-08-24
8464967,1977-02-26
8464975,1977-10-06
8464977,1978-06-16
8464979,1978-09-08
8464981,1978-08-16
8464983,1977-04-18
8464984,1977-11-16
8464989,1976-11-02
8464994,1978-06-14
8465005,1977-12-12
8465009,1977-03-18
8465012,1977-03-22
8465024,1977-09-29
8465025,1978-04-13
8465026,1977-02-02
8465028,1978-04-18
8465041,1977-04-07
8465042,1977-09-25
8465050,1977-12-16
8465056,1977-06-17
8465058,1978-09-03
8465059,1978-06-13
8465067,1978-08-10
8465113,1978-03-16
8465122,1976-12-23
8465166,1977-04-26
8465170,1976-12-27
8465175,1977-01-30
8465185,1977-04-23
8465192,1977-12-17
8465200,1978-03-02
8465202,1974-09-02
8465210,1977-04-15
8465914,1975-10-17
8465951,1978-09-07
8465968,1978-08-14
8465978,1977-07-23
8465992,1974-08-27
8466035,1978-10-27
8466138,1979-07-02
8466139,1979-09-15
8466140,1978-12-05
8466142,1979-04-17
8466144,1979-09-07
8466145,1979-01-14
8466147,1979-01-16
8466148,1979-01-12
8466149,1978-12-18
8466158,1979-01-23
8466160,1979-01-16
8466181,1978-11-10
8466182,1979-01-10
8466202,1979-09-04
8466203,1979-01-20
8466212,1979-05-30
8466215,1977-06-20
8466216,1979-02-15
8466232,1979-06-08
8466251,1979-05-02
8466260,1979-01-05
8466266,1978-01-03
8466285,1979-05-23
8466292,1979-02-13
8466300,1978-07-17
8466309,1978-03-19
8466333,1979-03-17
8466371,1973-05-04
8466378,1975-06-18
8466392,1975-05-21
8466393,1979-04-07
8466398,1979-01-24
8466399,1975-11-01
8467096,1976-07-12
8467304,1975-03-10
8467329,1980-04-21
8467330,1980-08-17
8467331,1979-11-06
8467332,1980-08-21
8467334,1980-05-18
8467335,1980-08-05
8467336,1980-01-13
8467338,1979-11-21
8467343,1979-10-28
8467344,1980-04-19
8467346,1980-02-29
8467348,1980-04-28
8467350,1979-05-14
8467351,1979-12-23
8467353,1980-02-18
8467354,1980-07-22
8467355,1980-05-05
8467357,1980-07-15
8467361,1980-02-16
8467365,1980-06-26
8467369,1980-08-18
8467370,1980-06-05
8467371,1980-02-10
8467389,1980-05-02
8467392,1979-10-18
8467393,1975-08-23
8467396,1978-11-06
8467400,1980-06-04
8467407,1979-01-18
8467408,1980-04-07
8467412,1980-04-09
8467422,1980-05-01
8467423,1978-09-17
8467428,1980-03-26
8467436,1979-09-02
8467439,1974-02-11
8467452,1978-12-30
8467463,1976-12-23
8467466,1980-07-05
8467478,1979-05-04
8467483,1979-03-16
8467491,1980-04-09
8467493,1979-06-18
8467496,1978-12-20
8467502,1978-12-23
8467514,1978-07-20
8467519,1974-07-09
8467531,1980-08-28
8467543,1978-10-27
8467545,1980-03-31
8467579,1979-01-30
8467580,1977-05-06
8467583,1980-07-20
8467831,1976-05-03
8467844,1973-09-02
8467856,1973-09-28
8467857,1975-10-09
8467875,1980-09-26
8467876,1980-09-26
8467878,1981-05-07
8467881,1981-08-19
8467882,1981-01-16
8467890,1981-03-05
8467899,1981-04-19
8467905,1980-05-16
8467906,1981-02-24
8467909,1981-04-10
8467910,1981-04-01
8467915,1979-11-07
8467917,1980-08-03
8467925,1980-08-14
8467927,1980-03-24
8467928,1980-03-26
8467931,1980-11-03
8467937,1981-01-17
8467939,1981-06-15
8467943,1979-12-05
8467949,1973-11-08
8467956,1973-04-12
8467964,1980-09-11
8467967,1980-11-11
8467977,1981-09-02
8467988,1979-12-01
8468001,1981-06-11
8468064,1981-08-29
8468083,1980-10-09
8468085,1981-06-13
8468086,1981-06-16
8468090,1981-08-16
8468095,1979-12-29
8468101,1976-08-31
8468113,1979-12-18
8468114,1980-03-12
8468121,1979-10-22
8468162,1979-02-04
8468172,1979-01-18
8468184,1979-05-07
8468208,1980-12-02
8468213,1980-02-21
8468224,1980-04-10
8468252,1980-03-07
8468309,1977-12-11
8468427,1977-04-15
8468432,1976-05-07
8468434,1977-08-25
8468463,1976-11-26
8468478,1978-05-02
8468482,1981-01-21
8468483,1982-02-14
8468484,1982-03-21
8468485,1981-10-08
8468486,1982-04-18
8468493,1981-03-24
8468498,1980-09-26
8468499,1981-07-27
8468500,1982-06-19
8468501,1982-02-25
8468502,1981-06-18
8468503,1982-02-09
8468504,1982-04-17
8468505,1982-08-19
8468506,1982-03-01
8468508,1981-10-04
8468509,1981-01-12
8468510,1981-02-19
8468513,1982-08-25
8468515,1981-03-01
8468517,1981-02-06
8468518,1982-02-05
8468520,1981-11-24
8468523,1980-10-22
8468526,1982-06-24
8468534,1975-07-13
8468535,1982-07-20
8468542,1981-03-05
8468548,1982-03-02
8468560,1980-12-09
8468568,1981-01-16
8468575,1980-08-03
8468577,1975-02-20
8468584,1981-03-30
8468598,1976-08-11
8468599,1981-03-02
8468604,1982-03-05
8468611,1981-06-17
8468626,1981-05-12
8468635,1982-04-06
8468636,1980-06-05
8468639,1980-11-25
8468647,1981-03-17
8468650,1982-07-29
8468660,1980-08-10
8468674,1982-04-03
8468695,1982-03-18
8468700,1982-02-03
8468704,1980-07-03
8468707,1981-05-07
8468714,1982-01-31
8468745,1982-04-22
8468778,1982-03-03
8468786,1982-03-16
8468789,1980-08-11
8468846,1981-03-15
8468868,1982-06-25
8468881,1981-06-30
8468884,1980-11-24
8468887,1982-07-10
8468927,1979-12-21
8469044,1977-09-29
8469120,1979-01-03
8469454,1983-04-15
8469455,1983-06-13
8469457,1983-04-03
8469459,1983-03-12
8469460,1982-01-19
8469462,1983-02-16
8469464,1983-05-06
8469465,1982-12-13
8469466,1983-08-13
8469467,1982-04-17
8469469,1982-05-03
8469470,1983-01-27
8469472,1982-12-23
8469473,1983-08-24
8469474,1982-11-23
8469475,1983-08-12
8469476,1983-01-29
8469477,1983-03-11
8469480,1983-09-01
8469483,1982-03-15
8469485,1983-05-04
8469488,1982-10-11
8469490,1981-11-14
8469492,1983-07-19
8469500,1982-06-08
8469501,1983-06-03
8469505,1982-08-26
8469506,1982-11-30
8469508,1983-03-02
8469509,1983-03-30
8469516,1983-03-31
8469521,1982-10-31
8469528,1982-09-17
8469531,1982-11-03
8469534,1983-04-30
8469542,1981-11-16
8469543,1983-04-04
8469544,1981-12-27
8469547,1983-02-02
8469555,1982-07-06
8469564,1982-08-20
8469575,1982-02-05
8469581,1983-05-16
8469582,1982-07-08
8469584,1983-04-06
8469587,1983-03-28
8469591,1983-04-18
8469598,1981-06-16
8469619,1981-07-18
8469622,1982-09-30
8469623,1977-02-03
8469626,1981-06-30
8469629,1982-03-24
8469638,1983-04-01
8469639,1983-06-23
8469647,1982-06-23
8469664,1981-12-28
8469665,1981-10-01
8469666,1982-04-04
8469670,1982-06-17
8469672,1981-07-02
8469681,1983-04-23
8469684,1983-06-07
8469685,1981-11-06
8469689,1982-05-02
8469707,1983-03-24
8469733,1983-03-22
8469752,1983-06-16
8469755,1983-07-12
8469759,1980-05-09
8469760,1982-12-23
8469765,1980-10-13
8469770,1983-03-20
8469779,1978-11-06
8469798,1983-07-28
8469812,1982-03-27
8469820,1981-01-02
8469844,1982-09-09
8469919,1981-12-02
8469920,1979-05-21
8469992,1980-10-03
8470004,1978-02-01
8470005,1978-10-28
8470018,1981-08-31
8470039,1984-05-16
8470041,1984-06-16
8470047,1984-03-20
8470054,1982-11-26
8470058,1982-09-10
8470061,1984-04-21
8470063,1983-01-06
8470064,1984-05-26
8470065,1982-01-06
8470072,1982-09-14
8470085,1984-09-12
8470086,1982-12-20
8470101,1982-03-22
8470104,1983-01-10
8470105,1983-10-07
8470110,1983-10-09
8470113,1982-11-21
8470119,1983-06-28
8470120,1984-03-03
8470121,1983-05-13
8470123,1984-04-15
8470131,1983-06-22
8470136,1982-12-17
8470137,1983-09-19
8470144,1984-04-24
8470151,1983-09-27
8470152,1983-12-05
8470153,1984-04-27
8470156,1983-04-03
8470159,1983-10-19
8470162,1983-12-19
8470169,1983-12-17
8470170,1984-03-29
8470171,1984-02-11
8470176,1984-02-08
8470180,1983-02-14
8470187,1984-01-19
8470189,1983-04-20
8470192,1983-10-31
8470199,1983-04-14
8470201,1984-01-04
8470203,1982-06-10
8470207,1983-09-23
8470222,1984-02-21
8470223,1982-09-30
8470225,1981-04-19
8470230,1984-04-15
8470232,1982-02-19
8470257,1984-03-01
8470265,1984-05-06
8470268,1983-10-11
8470273,1984-06-04
8470274,1983-06-02
8470280,1984-01-22
8470281,1983-07-16
8470283,1984-03-10
8470289,1982-12-09
8470294,1984-06-27
8470295,1982-08-25
8470299,1983-12-17
8470301,1984-02-23
8470302,1983-06-22
8470309,1983-02-19
8470310,1983-09-27
8470317,1982-12-10
8470318,1984-03-02
8470321,1978-10-26
8470324,1984-08-14
8470329,1984-07-09
8470358,1981-04-11
8470366,1983-08-11
8470370,1982-06-22
8470373,1977-09-04
8470378,1984-01-06
8470383,1981-11-18
8470543,1979-09-26
8470564,1980-03-14
8470575,1978-12-03
8470578,1981-01-04
8470580,1978-09-03
8470595,1984-10-29
8470596,1985-05-29
8470597,1984-11-05
8470598,1984-01-19
8470599,1984-12-07
8470600,1985-01-21
8470601,1985-02-27
8470602,1985-04-10
8470603,1985-02-03
8470604,1985-01-01
8470605,1984-03-28
8470606,1984-11-04
8470607,1985-04-20
8470608,1985-01-10
8470609,1985-03-31
8470610,1984-07-28
8470611,1985-09-07
8470612,1985-05-10
8470613,1985-03-09
8470614,1984-04-27
8470615,1985-05-22
8470616,1984-08-31
8470617,1985-02-11
8470618,1985-01-05
8470619,1984-12-18
8470620,1984-04-13
8470621,1985-05-16
8470622,1984-05-01
8470623,1985-01-03
8470625,1985-03-20
8470626,1985-07-17
8470630,1984-12-13
8470631,1984-11-18
8470634,1984-10-14
8470635,1985-03-29
8470636,1985-02-07
8470638,1985-07-24
8470639,1985-07-13
8470640,1984-09-25
8470642,1985-08-14
8470644,1984-09-30
8470647,1985-07-10
8470648,1985-07-20
8470649,1985-02-01
8470651,1985-01-13
8470654,1985-03-29
8470655,1984-05-01
8470656,1984-10-18
8470661,1985-04-29
8470662,1985-01-28
8470666,1985-01-28
8470667,1985-04-06
8470671,1984-09-06
8470672,1984-07-19
8470678,1985-07-05
8470680,1984-09-05
8470685,1984-05-30
8470687,1985-09-11
8470697,1985-04-24
8470699,1978-06-18
8470700,1984-07-21
8470704,1985-01-23
8470705,1984-05-08
8470708,1985-04-20
8470713,1985-03-11
8470714,1984-01-05
8470719,1985-06-26
8470724,1985-08-12
8470729,1984-10-30
8470735,1984-03-26
8470737,1984-04-24
8470740,1983-02-04
8470741,1985-02-09
8470743,1981-09-18
8470750,1985-01-22
8470755,1985-02-04
8470760,1985-06-21
8470774,1984-10-03
8470775,1984-10-05
8470777,1984-12-07
8470778,1984-02-17
8470780,1984-09-29
8470787,1983-10-26
8470794,1984-07-11
8470798,1984-08-29
8470803,1984-05-25
8470804,1983-08-10
8470809,1984-01-26
8470816,1985-07-16
8470828,1984-11-05
8470834,1985-03-27
8470838,1984-07-15
8470839,1983-08-09
8470843,1985-01-06
8470852,1983-11-01
8470854,1983-11-29
8470867,1985-01-25
8470871,1984-05-29
8470876,1984-11-25
8470877,1984-08-10
8470886,1985-02-19
8470896,1980-08-08
8470899,1984-02-02
8470905,1981-07-23
8470920,1984-03-31
8470966,1983-10-03
8470970,1985-05-15
8470986,1984-07-07
8470988,1984-04-22
8470996,1985-06-13
8471004,1981-03-07
8471011,1980-01-28
8471185,1982-12-28
8471187,1982-01-15
8471188,1980-05-25
8471208,1982-09-28
8471214,1985-09-17
8471215,1986-07-31
8471216,1986-04-04
8471217,1985-12-12
8471218,1986-08-31
8471220,1985-10-10
8471221,1985-10-09
8471222,1986-02-01
8471223,1986-02-14
8471226,1985-10-30
8471228,1986-07-05
8471229,1986-01-16
8471231,1986-02-19
8471232,1986-07-28
8471233,1985-05-13
8471234,1986-02-24
8471235,1985-09-23
8471236,1985-10-13
8471237,1986-03-13
8471238,1986-07-01
8471240,1986-02-25
8471241,1986-06-01
8471242,1985-10-12
8471245,1986-06-05
8471246,1986-01-29
8471253,1985-01-20
8471254,1986-03-09
8471260,1986-02-18
8471261,1986-02-21
8471262,1985-10-12
8471263,1986-04-22
8471265,1985-02-19
8471266,1984-11-24
8471268,1986-08-15
8471269,1985-01-22
8471273,1986-04-29
8471274,1985-07-30
8471276,1986-04-28
8471277,1986-02-26
8471279,1984-10-17
8471280,1985-12-24
8471282,1985-07-28
8471283,1984-03-16
8471284,1986-06-08
8471288,1986-01-05
8471290,1985-10-11
8471296,1986-04-25
8471299,1986-04-16
8471303,1986-04-21
8471309,1979-12-23
8471310,1986-07-16
8471311,1986-07-15
8471312,1986-02-27
8471314,1984-09-24
8471321,1985-11-29
8471323,1984-06-14
8471324,1986-01-27
8471326,1986-03-23
8471327,1986-03-03
8471331,1986-03-12
8471334,1985-08-25
8471336,1986-03-17
8471338,1985-01-30
8471339,1985-03-21
8471346,1986-05-13
8471348,1986-06-16
8471352,1985-03-04
8471359,1981-09-22
8471360,1984-08-31
8471362,1984-01-31
8471365,1986-08-20
8471368,1985-12-30
8471371,1985-06-24
8471372,1984-05-11
8471385,1984-03-29
8471386,1984-09-05
8471388,1986-06-08
8471390,1985-12-14
8471392,1986-04-28
8471396,1985-03-14
8471399,1985-06-02
8471402,1984-04-13
8471409,1985-12-13
8471411,1986-01-26
8471413,1986-05-26
8471419,1985-07-11
8471426,1985-08-17
8471428,1985-06-04
8471429,1985-09-08
8471436,1985-05-21
8471450,1985-04-25
8471451,1986-04-24
8471457,1986-05-21
8471474,1984-01-09
8471476,1985-03-06
8471477,1985-04-24
8471480,1982-05-11
8471482,1985-04-14
8471483,1984-12-15
8471490,1985-07-15
8471498,1986-03-15
8471504,1981-12-10
8471508,1986-05-01
8471514,1982-07-08
8471516,1984-11-08
8471521,1984-07-28
8471628,1984-05-16
8471634,1983-03-02
8471636,1984-08-28
8471641,1982-11-09
8471657,1984-06-26
8471663,1986-12-15
8471664,1985-09-17
8471668,1987-03-14
8471669,1985-12-27
8471670,1987-05-24
8471671,1987-02-02
8471675,1987-08-07
8471676,1987-03-17
8471677,1987-01-13
8471678,1986-09-29
8471680,1987-01-01
8471681,1987-05-19
8471682,1987-01-01
8471683,1987-03-26
8471685,1987-08-24
8471686,1987-01-13
8471689,1987-06-09
8471691,1987-02-20
8471692,1987-03-17
8471693,1987-02-10
8471694,1987-01-04
8471696,1986-09-29
8471697,1987-03-07
8471698,1986-12-23
8471699,1987-06-14
8471700,1987-09-04
8471701,1987-06-29
8471702,1986-12-06
8471703,1987-04-03
8471704,1987-01-29
8471705,1987-06-22
8471707,1987-09-03
8471708,1987-04-13
8471709,1987-03-30
8471710,1987-04-27
8471711,1987-02-05
8471713,1987-06-29
8471714,1987-08-07
8471716,1987-02-25
8471717,1986-10-12
8471718,1987-03-23
8471719,1986-10-28
8471724,1987-04-24
8471728,1987-02-17
8471729,1987-05-02
8471730,1986-12-03
8471733,1987-04-25
8471735,1986-09-09
8471736,1986-12-03
8471738,1987-08-26
8471741,1987-08-27
8471742,1987-08-08
8471743,1987-07-02
8471746,1987-01-26
8471747,1987-04-01
8471748,1986-09-29
8471752,1987-03-11
8471753,1985-12-10
8471756,1987-01-21
8471760,1987-01-07
8471761,1986-10-27
8471762,1987-03-15
8471763,1987-02-14
8471764,1986-12-28
8471766,1986-05-13
8471767,1986-09-27
8471768,1987-02-14
8471769,1987-06-06
8471778,1986-05-11
8471786,1986-09-18
8471794,1987-01-21
8471803,1985-04-14
8471804,1987-07-24
8471807,1987-01-29
8471810,1987-03-17
8471811,1986-09-30
8471816,1987-05-15
8471817,1987-01-20
8471821,1986-11-22
8471829,1987-06-25
8471832,1987-01-14
8471840,1987-06-02
8471842,1986-04-30
8471846,1987-02-23
8471848,1987-03-03
8471851,1986-10-23
8471853,1987-05-31
8471856,1985-08-20
8471859,1987-03-20
8471862,1986-03-09
8471863,1987-03-06
8471868,1987-05-02
8471873,1986-08-01
8471879,1986-12-02
8471885,1987-01-18
8471887,1987-01-01
8471895,1985-07-30
8471912,1986-12-03
8471916,1985-06-27
8471941,1987-07-08
8471956,1986-07-27
8471958,1984-04-29
8471972,1984-01-06
8471976,1986-09-14
8471978,1986-03-03
8471996,1981-05-12
8472008,1980-11-02
8472215,1982-04-07
8472248,1982-09-18
8472262,1983-04-05
8472263,1980-10-31
8472338,1983-01-18
8472355,1984-09-01
8472361,1983-06-20
8472365,1981-10-17
8472368,1983-12-23
8472370,1984-02-23
8472379,1982-07-19
8472382,1982-10-30
8472394,1983-06-08
8472410,1983-10-09
8472424,1985-04-15
8473385,1982-06-17
8473407,1978-09-14
8473412,1987-11-12
8473415,1988-04-04
8473416,1988-07-05
8473419,1988-05-11
8473422,1987-10-31
8473426,1987-12-16
8473431,1988-03-01
8473432,1986-12-20
8473433,1988-03-29
8473438,1987-09-30
8473440,1988-04-28
8473444,1986-10-13
8473446,1988-03-21
8473449,1988-04-16
8473453,1987-01-08
8473456,1988-03-06
8473459,1988-07-25
8473463,1987-01-23
8473465,1988-08-05
8473466,1988-03-17
8473468,1988-04-14
8473473,1988-06-07
8473482,1988-03-16
8473484,1988-05-18
8473485,1987-10-30
8473488,1986-03-10
8473491,1987-11-29
8473492,1988-06-07
8473493,1988-03-30
8473496,1987-12-26
8473501,1988-05-19
8473504,1987-11-18
8473505,1988-02-03
8473507,1987-12-09
8473510,1987-11-15
8473511,1987-02-04
8473512,1988-01-12
8473514,1987-10-05
8473525,1987-11-10
8473526,1988-04-14
8473533,1988-09-10
8473534,1988-06-02
8473536,1988-04-25
8473537,1986-01-17
8473539,1987-11-05
8473542,1987-09-28
8473544,1987-09-22
8473546,1987-10-05
8473548,1987-10-02
8473550,1988-07-11
8473558,1988-06-01
8473560,1988-02-16
8473562,1986-08-09
8473563,1987-11-23
8473564,1988-02-17
8473565,1988-01-04
8473568,1987-02-28
8473569,1988-01-20
8473571,1988-02-25
8473573,1988-05-24
8473574,1988-02-19
8473579,1986-07-14
8473580,1988-03-17
8473582,1988-02-18
8473584,1986-09-07
8473588,1986-08-06
8473589,1988-02-05
8473592,1988-01-10
8473600,1987-04-29
8473604,1988-04-29
8473605,1988-04-22
8473608,1988-02-03
8473610,1988-02-29
8473611,1988-04-30
8473616,1986-08-01
8473618,1988-01-05
8473646,1983-08-03
8473647,1986-01-23
8473658,1988-02-17
8473673,1987-05-07
8473682,1983-01-02
8473687,1981-08-05
8473700,1987-02-03
8473712,1987-10-29
8473722,1982-09-26
8473734,1984-08-06
8473827,1985-11-17
8473867,1981-08-26
8473898,1985-11-30
8473904,1983-11-15
8473905,1985-10-16
8473908,1984-02-07
8473911,1984-04-26
8473913,1983-10-30
8473914,1985-02-04
8473916,1984-03-06
8473921,1984-07-05
8473924,1978-02-13
8473927,1983-05-03
8473931,1985-08-13
8473932,1985-06-22
8473933,1984-02-20
8473942,1985-02-08
8473944,1982-10-31
8473953,1984-10-13
8473962,1985-09-08
8473970,1986-08-12
8473973,1984-10-22
8473986,1989-09-14
8473989,1989-07-25
8473991,1988-09-24
8473992,1988-10-11
8473994,1989-07-18
8473997,1988-10-01
8473999,1989-07-12
8474000,1988-09-24
8474001,1988-04-22
8474002,1989-04-25
8474005,1989-01-20
8474008,1988-09-24
8474009,1988-04-20
8474012,1989-01-19
8474013,1989-02-21
8474018,1989-02-20
8474019,1989-09-12
8474024,1989-01-29
8474025,1989-02-10
8474027,1987-02-10
8474029,1989-01-15
8474030,1989-09-07
8474031,1989-01-29
8474032,1989-07-11
8474034,1988-04-23
8474035,1988-09-21
8474037,1989-05-04
8474038,1989-04-27
8474040,1989-08-10
8474042,1989-07-24
8474045,1988-09-23
8474046,1989-05-09
8474048,1989-06-11
8474049,1989-04-24
8474050,1988-12-24
8474052,1989-04-07
8474053,1989-03-28
8474056,1989-05-13
8474059,1987-02-05
8474061,1989-04-18
8474062,1989-05-09
8474063,1989-05-09
8474066,1989-02-08
8474068,1989-08-14
8474074,1989-02-22
8474076,1989-03-25
8474077,1988-09-10
8474085,1986-05-15
8474089,1989-05-20
8474090,1989-02-08
8474091,1989-02-14
8474094,1988-06-01
8474095,1989-04-23
8474096,1988-09-19
8474098,1989-04-20
8474100,1989-07-05
8474102,1988-05-28
8474113,1989-04-03
8474114,1989-01-22
8474121,1989-02-12
8474125,1986-11-09
8474128,1989-05-19
8474130,1989-07-25
8474131,1988-09-19
8474134,1988-09-23
8474135,1988-06-25
8474137,1989-03-08
8474138,1988-02-27
8474139,1989-01-04
8474141,1988-11-19
8474143,1987-05-11
8474145,1989-03-18
8474146,1988-10-14
8474149,1989-03-12
8474150,1989-03-17
8474151,1989-06-13
8474153,1988-12-31
8474154,1987-11-18
8474157,1988-11-20
8474161,1989-08-15
8474162,1989-02-21
8474163,1989-03-10
8474164,1989-01-30
8474166,1987-07-26
8474168,1989-02-05
8474176,1988-08-23
8474177,1987-05-25
8474184,1988-11-05
8474189,1989-05-08
8474190,1988-08-26
8474192,1988-01-03
8474195,1989-03-26
8474201,1986-12-06
8474207,1987-05-15
8474218,1988-06-09
8474220,1987-09-04
8474222,1987-05-24
8474225,1984-05-17
8474230,1986-03-30
8474236,1988-12-28
8474250,1988-04-05
8474291,1985-10-16
8474383,1987-06-14
8474436,1987-01-16
8474497,1985-11-28
8474498,1983-10-04
8474500,1984-12-17
8474511,1987-04-13
8474516,1986-01-20
8474518,1984-11-22
8474519,1986-01-24
8474520,1984-11-13
8474531,1984-12-12
8474535,1986-03-06
8474551,1983-10-06
8474552,1985-02-06
8474554,1987-10-20
8474557,1984-08-13
8474563,1989-12-08
8474564,1990-02-07
8474565,1990-01-18
8474566,1990-05-25
8474567,1990-07-15
8474568,1989-11-02
8474569,1989-10-20
8474570,1990-02-18
8474571,1989-12-16
8474573,1989-10-02
8474574,1990-02-01
8474575,1990-03-08
8474576,1989-10-04
8474577,1990-01-30
8474578,1990-05-31
8474579,1990-01-30
8474581,1990-07-04
8474582,1990-02-21
8474584,1990-06-24
8474585,1990-01-19
8474586,1990-05-15
8474587,1990-06-05
8474588,1988-05-12
8474589,1989-10-06
8474590,1990-01-10
8474592,1990-03-15
8474594,1990-01-15
8474597,1989-11-30
8474598,1990-01-06
8474600,1990-06-01
8474601,1990-02-18
8474602,1990-07-06
8474603,1990-06-21
8474604,1990-05-18
8474605,1990-09-12
8474606,1990-04-24
8474607,1990-01-30
8474609,1990-06-18
8474610,1989-11-01
8474611,1990-03-19
8474612,1990-08-16
8474613,1990-06-18
8474615,1990-08-21
8474616,1990-06-14
8474618,1990-02-23
8474625,1989-11-21
8474627,1987-12-23
8474628,1990-06-07
8474629,1990-03-10
8474631,1989-09-17
8474634,1990-02-21
8474638,1988-02-04
8474641,1990-02-06
8474642,1990-03-25
8474646,1990-03-22
8474649,1989-12-26
8474657,1989-11-16
8474659,1990-05-09
8474660,1990-05-30
8474661,1990-07-17
8474662,1989-10-10
8474666,1989-04-22
8474668,1988-08-05
8474670,1990-09-11
8474673,1990-06-07
8474674,1990-03-24
8474679,1989-09-01
8474681,1990-05-30
8474683,1990-04-20
8474685,1989-12-24
8474688,1990-06-20
8474691,1990-03-28
8474693,1990-05-01
8474697,1989-07-12
8474698,1989-05-17
8474705,1988-01-01
8474707,1989-12-07
8474709,1989-05-08
8474715,1989-06-05
8474716,1989-11-29
8474717,1990-03-23
8474719,1990-05-03
8474722,1990-04-14
8474727,1988-07-11
8474730,1987-08-27
8474731,1988-08-25
8474736,1990-06-15
8474739,1988-04-12
8474743,1988-07-26
8474744,1988-12-29
8474748,1990-03-25
8474749,1988-06-04
8474762,1990-02-25
8474772,1986-10-02
8474774,1990-03-13
8474793,1988-06-27
8474818,1987-07-26
8474837,1990-04-23
8474844,1989-08-09
8474849,1989-11-21
8474850,1988-09-20
8474870,1990-07-29
8474873,1990-07-16
8474884,1989-11-24
8474892,1990-03-06
8474939,1984-01-17
8475060,1986-10-20
8475068,1985-04-06
8475073,1985-07-29
8475085,1985-10-01
8475086,1985-02-23
8475087,1986-03-10
8475098,1986-03-19
8475102,1986-07-07
8475104,1988-02-16
8475105,1987-04-29
8475115,1985-02-25
8475118,1984-07-20
8475119,1988-05-24
8475128,1984-11-13
8475147,1990-09-29
8475148,1991-02-24
8475149,1990-10-06
8475150,1990-11-02
8475151,1991-02-01
8475153,1991-01-03
8475154,1991-04-01
8475155,1991-07-27
8475157,1991-08-08
8475158,1991-02-07
8475159,1991-01-28
8475160,1991-01-13
8475161,1991-02-03
8475162,1990-10-17
8475163,1990-10-01
8475164,1990-10-13
8475165,1991-04-24
8475166,1990-09-20
8475167,1990-12-18
8475168,1991-01-16
8475169,1991-08-02
8475170,1991-08-22
8475171,1991-07-17
8475172,1990-10-06
8475173,1991-02-22
8475174,1991-01-25
8475175,1991-04-12
8475176,1991-01-03
8475177,1991-05-09
8475178,1991-01-24
8475179,1990-10-29
8475180,1991-01-14
8475181,1991-03-20
8475182,1990-10-08
8475183,1991-01-26
8475184,1991-04-30
8475185,1991-03-02
8475186,1990-11-19
8475188,1991-01-21
8475190,1991-02-20
8475191,1991-04-01
8475192,1991-05-13
8475193,1990-12-01
8475194,1991-07-26
8475196,1990-10-18
8475197,1991-07-26
8475198,1991-01-03
8475199,1991-05-08
8475200,1991-07-23
8475203,1991-04-19
8475204,1991-04-10
8475206,1991-01-30
8475208,1991-09-06
8475209,1991-02-07
8475210,1990-11-21
8475213,1991-01-29
8475214,1991-04-16
8475218,1990-05-24
8475219,1990-12-12
8475220,1991-08-10
8475222,1991-06-03
8475223,1991-07-17
8475224,1991-05-14
8475225,1989-09-05
8475227,1990-01-07
8475231,1991-02-27
8475233,1990-10-22
8475235,1991-02-22
8475236,1991-05-24
8475243,1991-01-03
8475246,1990-02-23
8475247,1991-05-25
8475248,1990-12-20
8475250,1991-02-22
8475253,1991-03-16
8475254,1990-10-06
8475260,1990-09-10
8475263,1990-07-22
8475264,1991-05-21
8475266,1990-11-19
8475268,1990-09-23
8475270,1990-03-25
8475274,1990-10-08
8475275,1991-03-21
8475278,1991-03-12
8475279,1991-05-09
8475283,1989-08-25
8475287,1991-03-23
8475291,1991-09-02
8475292,1991-06-15
8475294,1991-07-13
8475295,1990-03-08
8475296,1991-08-17
8475304,1989-09-11
8475309,1991-02-19
8475310,1991-02-22
8475314,1990-07-03
8475321,1990-12-04
8475323,1990-05-27
8475324,1990-09-21
8475325,1989-06-23
8475328,1991-06-06
8475332,1991-02-27
8475342,1989-03-24
8475343,1990-05-27
8475372,1987-12-23
8475381,1981-07-13
8475395,1991-09-03
8475413,1990-10-01
8475414,1990-09-13
8475423,1990-02-09
8475430,1990-06-04
8475436,1989-02-16
8475455,1990-11-13
8475461,1991-01-03
8475462,1990-06-05
8475567,1986-12-05
8475597,1989-02-01
8475598,1989-07-20
8475602,1987-10-18
8475603,1987-04-09
8475613,1986-05-07
8475619,1985-05-30
8475625,1987-11-29
8475637,1987-04-26
8475638,1987-03-24
8475640,1988-12-15
8475641,1987-03-31
8475648,1989-06-29
8475650,1987-01-31
8475661,1989-10-06
8475671,1990-05-20
8475677,1986-02-19
8475679,1986-02-10
8475690,1989-12-20
8475692,1987-09-01
8475714,1991-09-25
8475715,1991-10-29
8475716,1992-02-18
8475718,1992-01-30
8475722,1992-01-16
8475723,1992-06-15
8475726,1992-04-24
8475727,1992-01-30
8475728,1992-07-25
8475729,1991-10-18
8475730,1992-04-18
8475732,1991-09-29
8475733,1992-02-04
8475734,1991-12-04
8475735,1992-06-17
8475736,1992-02-25
8475738,1992-04-15
8475739,1992-05-31
8475744,1992-05-19
8475745,1992-03-02
8475747,1992-02-08
8475748,1992-06-30
8475749,1992-05-26
8475750,1992-02-03
8475752,1991-11-01
8475753,1992-03-20
8475754,1991-10-15
8475755,1992-03-03
8475756,1992-04-02
8475757,1992-04-26
8475758,1992-06-14
8475759,1992-02-18
8475760,1992-07-17
8475761,1991-11-27
8475762,1992-03-04
8475763,1992-05-08
8475764,1991-12-05
8475765,1991-12-13
8475766,1992-01-13
8475767,1991-10-20
8475768,1992-06-25
8475769,1992-01-21
8475770,1992-06-16
8475772,1991-12-07
8475774,1992-08-27
8475775,1990-07-29
8475780,1991-05-27
8475782,1992-04-30
8475784,1992-05-16
8475786,1992-06-09
8475788,1991-10-21
8475790,1992-01-07
8475791,1991-11-14
8475792,1992-05-02
8475793,1992-07-31
8475794,1992-01-31
8475795,1992-04-20
8475796,1992-01-11
8475797,1992-02-20
8475798,1992-02-26
8475799,1992-09-08
8475800,1992-01-02
8475807,1992-02-25
8475808,1992-04-09
8475810,1992-05-11
8475815,1991-12-06
8475816,1992-01-17
8475820,1992-04-13
8475825,1992-03-31
8475826,1991-12-24
8475829,1991-02-07
8475832,1992-01-21
8475833,1992-05-13
8475834,1992-04-07
8475836,1991-01-30
8475841,1991-01-27
8475842,1992-02-04
8475844,1992-04-30
8475845,1990-05-18
8475848,1992-05-06
8475855,1991-12-02
8475857,1992-03-06
8475868,1990-07-15
8475869,1991-08-21
8475878,1992-01-01
8475889,1992-01-07
8475893,1990-03-24
8475896,1992-05-03
8475902,1990-08-26
8475906,1992-08-14
8475907,1992-04-20
8475913,1992-05-13
8475917,1990-06-03
8475949,1991-08-28
8475950,1988-07-10
8475958,1992-07-25
8475968,1991-08-31
8475980,1991-09-26
8475982,1988-12-11
8475990,1990-02-01
8475996,1991-01-07
8476020,1992-07-29
8476043,1987-02-13
8476062,1988-08-12
8476086,1981-05-05
8476116,1985-08-12
8476147,1987-12-09
8476158,1987-09-01
8476162,1986-02-04
8476166,1988-06-04
8476177,1986-06-14
8476179,1987-07-16
8476191,1987-11-15
8476195,1989-12-14
8476200,1988-11-30
8476205,1989-07-11
8476206,1988-04-15
8476207,1988-02-26
8476208,1988-02-14
8476209,1988-01-20
8476211,1988-07-06
8476214,1988-09-13
8476219,1986-08-09
8476224,1986-12-20
8476225,1989-07-03
8476227,1988-02-06
8476235,1987-11-06
8476244,1986-01-09
8476278,1993-03-28
8476279,1991-08-20
8476283,1993-03-07
8476285,1993-04-27
8476288,1992-03-09
8476289,1992-01-02
8476292,1991-03-28
8476293,1992-04-24
8476300,1993-03-28
8476302,1993-03-26
8476303,1993-07-06
8476304,1993-01-04
8476310,1993-02-25
8476312,1991-10-07
8476322,1992-02-02
8476323,1992-05-01
8476326,1992-10-06
8476329,1993-09-14
8476331,1993-05-01
8476336,1991-08-25
8476339,1992-12-31
8476344,1993-04-27
8476345,1992-11-13
8476346,1993-08-13
8476352,1992-10-02
8476356,1993-01-10
8476363,1992-06-03
8476367,1992-05-18
8476368,1992-11-24
8476370,1993-02-20
8476372,1993-06-03
8476374,1993-01-20
8476379,1993-07-17
8476381,1991-07-20
8476384,1992-11-20
8476386,1992-11-16
8476388,1993-07-03
8476389,1993-07-11
8476390,1992-10-26
8476391,1992-02-25
8476392,1993-03-29
8476393,1993-07-20
8476394,1993-04-06
8476396,1993-04-19
8476397,1993-03-29
8476399,1991-11-28
8476400,1992-10-05
8476401,1993-03-09
8476403,1991-07-06
8476404,1991-05-17
8476406,1992-09-26
8476407,1993-04-27
8476409,1993-02-25
8476410,1993-05-26
8476411,1993-05-28
8476414,1991-09-05
8476415,1992-10-24
8476416,1993-02-10
8476418,1993-02-15
8476419,1992-11-11
8476422,1993-07-13
8476423,1993-09-08
8476425,1993-04-16
8476426,1993-04-09
8476427,1993-02-05
8476428,1993-02-08
8476429,1992-10-14
8476430,1992-12-28
8476431,1992-10-26
8476432,1993-06-15
8476435,1993-09-09
8476436,1993-03-23
8476437,1993-03-01
8476438,1992-10-27
8476439,1993-07-01
8476440,1993-04-16
8476441,1993-06-28
8476442,1992-11-05
8476443,1993-07-29
8476445,1992-09-21
8476447,1993-03-09
8476448,1993-01-08
8476449,1993-03-10
8476450,1993-01-13
8476451,1993-01-23
8476452,1993-03-12
8476453,1993-06-17
8476454,1993-04-12
8476455,1992-11-23
8476456,1993-06-04
8476457,1992-11-12
8476458,1993-07-11
8476459,1993-04-18
8476460,1993-03-15
8476461,1992-12-07
8476462,1993-06-17
8476463,1993-07-12
8476464,1993-09-07
8476465,1993-03-31
8476466,1992-10-05
8476467,1992-12-21
8476468,1993-03-14
8476469,1993-05-31
8476470,1992-12-05
8476471,1993-02-22
8476472,1993-07-20
8476473,1993-03-26
8476474,1993-02-12
8476476,1992-12-09
8476477,1993-01-24
8476478,1993-05-18
8476479,1993-02-24
8476480,1992-11-22
8476482,1993-03-06
8476483,1993-05-05
8476495,1993-01-04
8476505,1992-09-13
8476511,1993-07-25
8476522,1991-03-04
8476525,1992-10-29
8476526,1993-01-16
8476536,1993-06-20
8476539,1990-12-27
8476545,1993-04-20
8476549,1991-06-20
8476617,1993-03-23
8476619,1993-01-07
8476624,1993-02-26
8476765,1991-05-15
8476766,1990-08-26
8476769,1989-01-21
8476772,1988-06-01
8476779,1988-08-24
8476792,1991-04-12
8476798,1987-11-21
8476799,1988-10-07
8476805,1988-04-30
8476806,1990-07-02
8476807,1990-04-23
8476808,1988-07-26
8476819,1988-04-30
8476822,1989-04-28
8476826,1991-12-15
8476827,1989-05-26
8476834,1985-12-10
8476835,1987-04-19
8476849,1988-08-06
8476850,1993-09-27
8476851,1994-02-12
8476852,1994-01-24
8476853,1994-03-09
8476854,1994-01-20
8476855,1993-10-06
8476856,1994-07-25
8476857,1993-09-23
8476858,1993-10-09
8476866,1994-01-11
8476867,1994-03-25
8476868,1994-02-07
8476869,1994-03-26
8476870,1994-02-23
8476871,1992-08-10
8476872,1994-05-30
8476873,1994-09-13
8476874,1994-08-22
8476875,1994-02-27
8476877,1993-10-08
8476878,1994-01-05
8476879,1993-12-21
8476880,1994-03-29
8476881,1993-11-12
8476882,1994-09-11
8476884,1994-01-16
8476885,1994-02-26
8476886,1994-02-18
8476887,1994-08-13
8476888,1994-05-16
8476889,1994-01-09
8476890,1994-05-15
8476891,1994-01-05
8476892,1993-05-12
8476894,1994-05-19
8476897,1994-03-23
8476902,1994-05-23
8476905,1994-04-22
8476906,1993-04-20
8476907,1994-03-09
8476910,1994-01-24
8476911,1993-04-06
8476913,1994-07-19
8476915,1994-08-13
8476917,1994-08-16
8476918,1993-05-26
8476919,1994-07-01
8476921,1992-07-25
8476922,1994-01-23
8476923,1994-08-07
8476924,1993-10-05
8476925,1993-11-05
8476927,1994-08-15
8476931,1993-10-12
8476934,1994-02-02
8476941,1994-04-13
8476944,1992-06-11
8476947,1993-09-17
8476948,1994-06-23
8476952,1994-03-09
8476953,1994-07-04
8476955,1994-02-15
8476958,1994-05-01
8476960,1994-08-06
8476966,1994-04-16
8476967,1994-01-06
8476971,1993-05-20
8476974,1994-04-29
8476975,1993-08-13
8476979,1992-03-14
8476981,1994-05-07
8476982,1994-01-30
8476983,1992-09-06
8476987,1994-07-25
8476988,1994-05-25
8476989,1993-09-23
8476994,1994-04-03
8477003,1994-02-07
8477006,1994-04-05
8477009,1994-03-24
8477010,1994-07-18
8477015,1994-01-14
8477018,1993-04-20
8477021,1994-08-11
8477033,1992-11-16
8477034,1992-12-10
8477038,1992-07-08
8477041,1993-06-16
8477043,1994-08-06
8477046,1993-06-17
8477059,1986-03-09
8477070,1994-07-29
8477073,1994-03-25
8477076,1993-07-10
8477082,1989-03-12
8477085,1994-05-27
8477091,1994-05-22
8477126,1990-02-01
8477127,1992-08-24
8477149,1992-07-30
8477201,1989-08-11
8477205,1990-11-29
8477210,1991-09-30
8477213,1990-11-16
8477214,1990-01-31
8477215,1990-03-07
8477220,1991-07-16
8477227,1988-07-07
8477228,1990-03-23
8477240,1989-05-10
8477243,1989-06-29
8477244,1990-05-07
8477249,1988-09-18
8477289,1986-07-29
8477290,1988-12-01
8477300,1991-05-24
8477314,1995-05-11
8477320,1995-03-14
8477326,1992-02-05
8477330,1995-08-21
8477335,1995-07-12
8477337,1993-05-17
8477341,1994-11-21
8477343,1994-12-05
8477346,1994-01-07
8477353,1995-03-10
8477355,1995-01-06
8477357,1994-05-29
8477359,1993-06-08
8477365,1995-04-28
8477366,1994-09-19
8477369,1994-07-27
8477380,1993-06-19
8477384,1994-01-21
8477391,1995-04-30
8477392,1995-07-28
8477399,1994-01-26
8477401,1995-02-14
8477402,1995-04-17
8477404,1994-10-06
8477406,1992-12-08
8477407,1995-08-26
8477409,1995-08-14
8477410,1994-10-04
8477413,1993-03-21
8477415,1994-05-13
8477416,1995-04-10
8477417,1995-08-02
8477419,1995-04-19
8477425,1995-09-13
8477426,1995-03-20
8477427,1995-07-22
8477428,1994-05-14
8477429,1994-07-08
8477433,1995-01-12
8477435,1995-05-21
8477444,1995-02-09
8477445,1994-10-13
8477446,1995-03-07
8477447,1995-08-03
8477448,1994-11-30
8477449,1995-03-02
8477450,1995-07-04
8477451,1994-09-20
8477452,1995-08-05
8477453,1995-02-22
8477454,1995-04-20
8477455,1995-05-20
8477456,1995-04-08
8477458,1995-05-15
8477460,1995-03-27
8477461,1995-04-16
8477462,1995-02-08
8477463,1995-03-07
8477464,1995-03-22
8477466,1994-10-23
8477467,1994-12-01
8477471,1995-05-09
8477472,1995-01-28
8477473,1995-07-01
8477474,1995-04-22
8477476,1995-07-04
8477478,1994-12-20
8477479,1995-02-24
8477482,1994-11-09
8477486,1994-12-14
8477488,1994-11-15
8477491,1995-08-04
8477492,1995-09-01
8477493,1995-09-02
8477494,1995-03-28
8477495,1994-10-03
8477496,1994-12-02
8477497,1994-10-12
8477498,1995-02-04
8477499,1994-10-27
8477500,1995-04-05
8477501,1995-03-04
8477502,1995-07-12
8477503,1995-03-02
8477504,1995-03-28
8477505,1994-09-22
8477506,1994-10-06
8477507,1995-04-16
8477508,1995-02-02
8477509,1995-03-21
8477510,1994-10-07
8477511,1994-09-16
8477512,1995-04-26
8477520,1994-02-08
8477527,1994-02-18
8477529,1994-12-26
8477541,1994-01-05
8477544,1992-11-07
8477566,1995-02-03
8477573,1994-02-07
8477583,1993-02-08
8477589,1991-02-28
8477591,1990-07-14
8477631,1995-03-29
8477634,1995-07-17
8477642,1995-05-11
8477666,1989-03-10
8477680,1992-10-29
8477715,1993-04-04
8477810,1991-06-08
8477814,1991-01-09
8477816,1992-08-18
8477832,1990-05-20
8477836,1992-02-28
8477839,1992-06-08
8477845,1991-07-24
8477846,1991-01-18
8477847,1991-11-12
8477850,1991-02-09
8477851,1992-06-25
8477865,1991-03-08
8477881,1990-08-16
8477887,1992-05-29
8477901,1991-11-01
8477902,1991-12-31
8477903,1991-11-23
8477913,1989-09-15
8477916,1992-03-25
8477919,1993-05-01
8477922,1990-07-18
8477923,1990-01-04
8477929,1990-07-03
8477930,1985-03-06
8477931,1992-09-01
8477932,1996-02-07
8477933,1995-11-06
8477934,1995-10-27
8477935,1996-06-20
8477936,1996-06-20
8477937,1996-08-17
8477938,1996-07-08
8477939,1996-05-01
8477940,1996-02-14
8477941,1995-12-05
8477942,1996-07-22
8477943,1996-04-27
8477944,1996-02-28
8477945,1995-12-03
8477946,1996-07-30
8477947,1996-05-12
8477948,1996-03-29
8477949,1996-05-10
8477950,1995-10-24
8477951,1996-02-23
8477952,1996-01-22
8477953,1996-07-23
8477955,1996-05-31
8477956,1996-05-25
8477957,1995-12-30
8477958,1995-10-07
8477959,1996-01-22
8477960,1996-09-13
8477961,1996-04-16
8477962,1996-03-15
8477963,1996-01-01
8477964,1995-12-14
8477969,1996-05-08
8477971,1996-01-21
8477972,1996-02-15
8477973,1996-08-12
8477974,1996-02-14
8477979,1996-05-10
8477981,1996-01-20
8477983,1996-02-20
8477986,1994-04-11
8477987,1996-04-09
8477989,1996-02-02
8477993,1996-08-02
8477994,1996-02-25
8477996,1996-01-29
8477997,1994-08-30
8477998,1996-04-01
8478004,1995-09-24
8478010,1996-03-13
8478011,1996-05-14
8478013,1996-02-20
8478017,1995-12-25
8478020,1996-05-13
8478021,1996-02-22
8478027,1995-09-05
8478028,1996-05-27
8478029,1995-10-25
8478031,1996-05-27
8478036,1996-04-05
8478038,1994-02-21
8478040,1996-02-16
8478042,1993-04-08
8478043,1995-03-06
8478046,1995-07-05
8478047,1995-09-17
8478049,1996-05-28
8478051,1995-02-13
8478055,1996-06-12
8478056,1996-03-29
8478057,1996-05-15
8478058,1994-03-17
8478062,1996-08-17
8478063,1996-07-10
8478067,1996-08-15
8478069,1994-02-19
8478073,1994-11-29
8478074,1996-03-06
8478075,1996-08-05
8478078,1996-04-03
8478099,1995-12-12
8478104,1996-06-17
8478106,1995-06-01
8478109,1995-07-18
8478115,1996-05-31
8478131,1995-11-08
8478133,1996-06-02
8478136,1996-01-02
8478137,1992-06-10
8478146,1996-02-27
8478147,1996-08-03
8478173,1996-03-02
8478176,1996-05-04
8478178,1996-02-28
8478211,1995-11-24
8478224,1995-11-06
8478233,1996-04-04
8478250,1995-10-05
8478268,1994-02-14
8478365,1994-12-12
8478366,1994-03-14
8478367,1993-07-22
8478371,1990-07-03
8478373,1993-10-14
8478376,1991-10-27
8478393,1992-05-04
8478396,1997-01-25
8478397,1996-10-27
8478398,1996-12-09
8478399,1997-05-06
8478400,1997-01-30
8478401,1997-04-06
8478402,1997-01-13
8478403,1996-10-28
8478407,1996-10-29
8478408,1996-12-22
8478409,1996-12-20
8478413,1997-02-16
8478414,1996-10-08
8478415,1997-02-21
8478416,1997-05-28
8478417,1996-10-31
8478420,1996-10-29
8478421,1996-12-14
8478424,1997-05-23
8478425,1997-07-29
8478427,1997-07-26
8478430,1997-05-19
8478431,1996-10-31
8478432,1997-04-15
8478434,1997-04-08
8478436,1997-01-28
8478438,1997-04-28
8478439,1997-03-11
8478440,1997-03-07
8478442,1996-12-20
8478443,1996-11-26
8478444,1997-02-25
8478445,1997-05-26
8478446,1997-03-25
8478447,1997-05-23
8478449,1996-11-17
8478450,1997-08-24
8478451,1997-06-26
8478452,1997-06-06
8478454,1997-04-02
8478455,1997-06-23
8478458,1997-01-29
8478460,1997-07-19
8478462,1997-02-05
8478463,1997-06-08
8478465,1997-07-21
8478466,1997-03-17
8478467,1997-07-18
8478468,1997-04-28
8478469,1997-01-30
8478472,1997-02-09
8478474,1997-06-23
8478476,1997-08-13
8478477,1997-02-05
8478480,1997-01-02
8478483,1997-05-05
8478485,1997-03-30
8478486,1997-08-23
8478488,1997-06-03
8478491,1997-04-29
8478493,1997-01-29
8478495,1997-06-07
8478498,1996-10-17
8478500,1997-01-13
8478502,1996-10-30
8478506,1997-01-02
8478507,1997-05-21
8478508,1997-01-13
8478512,1992-12-12
8478519,1997-07-15
8478528,1992-07-24
8478541,1993-03-26
8478542,1993-07-28
8478550,1991-10-30
8478561,1990-06-13
8478562,1987-12-30
8478563,1982-08-27
8478564,1988-04-07
8478566,1991-03-17
8478567,1993-07-08
8478569,1991-12-01
8478584,1992-12-26
8478585,1986-12-29
8478831,1996-09-20
8478833,1997-03-25
8478838,1996-01-25
8478839,1997-01-07
8478840,1996-12-19
8478841,1997-05-03
8478842,1994-07-29
8478843,1997-01-18
8478844,1997-01-05
8478846,1995-03-17
8478851,1996-10-08
8478854,1997-02-11
8478856,1996-03-11
8478857,1996-10-01
8478859,1996-04-27
8478864,1997-04-26
8478866,1994-08-08
8478868,1996-04-02
8478870,1997-04-08
8478873,1997-09-10
8478874,1996-10-03
8478881,1996-02-28
8478882,1995-11-21
8478888,1996-10-09
8478891,1996-01-15
8478904,1996-04-13
8478906,1994-06-06
8478911,1995-03-01
8478915,1996-10-10
8478928,1990-06-03
8478949,1997-01-22
8478956,1997-04-10
8478963,1992-02-14
8478967,1997-08-04
8478970,1996-05-15
8478975,1995-06-18
8478996,1996-05-06
8479022,1996-01-05
8479026,1997-01-25
8479066,1994-12-09
8479206,1991-08-20
8479249,1994-01-14
8479250,1992-11-01
8479252,1994-06-01
8479268,1992-07-18
8479289,1992-11-17
8479290,1993-04-14
8479291,1993-05-21
8479293,1991-12-31
8479304,1992-05-05
8479314,1997-12-11
8479315,1998-06-19
8479316,1997-12-04
8479318,1997-09-17
8479320,1997-11-05
8479321,1997-11-16
8479322,1997-10-14
8479323,1998-02-17
8479324,1998-02-11
8479325,1997-12-21
8479328,1997-10-15
8479329,1997-12-27
8479330,1997-11-07
8479333,1998-02-04
8479335,1997-12-03
8479336,1997-12-01
8479337,1997-12-18
8479338,1998-06-08
8479339,1998-04-19
8479341,1998-06-19
8479343,1998-07-29
8479344,1998-05-07
8479345,1998-03-31
8479346,1998-07-20
8479347,1998-03-15
8479348,1998-06-05
8479351,1998-02-03
8479353,1998-03-29
8479355,1998-05-05
8479356,1998-06-10
8479358,1997-11-24
8479359,1998-02-04
8479362,1998-04-10
8479364,1998-04-14
8479365,1998-02-11
8479366,1998-03-05
8479367,1998-06-20
8479368,1998-02-17
8479369,1998-03-17
8479370,1998-03-14
8479371,1998-06-20
8479372,1998-05-05
8479373,1997-12-20
8479375,1998-07-10
8479376,1998-06-07
8479378,1998-05-26
8479379,1998-02-27
8479381,1998-09-07
8479382,1998-04-16
8479383,1998-06-18
8479385,1998-05-05
8479387,1998-02-10
8479388,1998-03-09
8479390,1998-02-18
8479393,1998-07-28
8479395,1998-02-15
8479398,1998-05-12
8479400,1998-06-24
8479402,1998-06-09
8479404,1997-08-06
8479407,1998-07-30
8479410,1998-06-25
8479411,1998-05-08
8479413,1998-01-09
8479414,1997-12-06
8479415,1998-02-03
8479416,1998-03-25
8479419,1998-07-20
8479420,1997-10-30
8479421,1998-08-31
8479423,1998-03-02
8479424,1998-06-27
8479425,1997-11-02
8479439,1993-02-26
8479442,1994-04-07
8479447,1993-09-30
8479458,1991-10-29
8479462,1998-03-01
8479465,1994-06-20
8479466,1993-01-04
8479482,1990-09-08
8479483,1989-07-27
8479510,1996-07-10
8479511,1998-05-25
8479512,1997-07-10
8479514,1997-04-02
8479516,1998-04-13
8479518,1998-01-12
8479520,1997-05-22
8479522,1998-07-04
8479523,1997-07-05
8479525,1996-09-11
8479526,1998-09-01
8479533,1998-02-25
8479534,1998-09-04
8479536,1998-02-10
8479542,1998-08-27
8479543,1998-03-13
8479546,1998-03-09
8479547,1998-04-06
8479550,1997-06-01
8479553,1995-01-13
8479557,1997-06-27
8479571,1998-07-17
8479573,1998-03-12
8479576,1996-05-29
8479578,1997-02-25
8479580,1996-08-26
8479587,1996-02-28
8479591,1996-09-09
8479594,1998-05-08
8479595,1996-01-26
8479597,1996-03-19
8479602,1996-12-04
8479613,1996-08-13
8479619,1996-05-19
8479638,1998-02-02
8479639,1998-02-19
8479644,1997-05-05
8479648,1992-01-06
8479650,1987-03-12
8479657,1997-02-25
8479661,1997-05-29
8479671,1997-02-11
8479675,1995-03-31
8479705,1997-01-28
8479718,1997-05-21
8479729,1997-12-11
8479734,1997-05-24
8479746,1998-08-05
8479748,1995-07-29
8479755,1992-12-06
8479772,1996-07-08
8479933,1992-12-31
8479941,1993-03-15
8479942,1993-04-18
8479944,1994-08-10
8479945,1994-05-12
8479968,1995-02-06
8479969,1994-01-21
8479970,1993-12-01
8479972,1998-11-03
8479974,1998-09-19
8479976,1998-10-06
8479977,1998-09-29
8479980,1998-12-05
8479981,1998-10-12
8479982,1998-09-18
8479983,1998-09-17
8479984,1998-12-13
8479985,1998-11-19
8479986,1998-10-16
8479987,1998-07-20
8479991,1999-03-10
8479992,1999-04-17
8479994,1999-09-12
8479996,1999-04-01
8479998,1999-05-25
8479999,1998-11-22
8480001,1999-01-01
8480002,1999-01-04
8480003,1998-10-30
8480005,1999-06-01
8480007,1999-03-31
8480008,1999-05-11
8480009,1999-04-22
8480011,1999-05-05
8480012,1998-11-12
8480014,1999-08-16
8480015,1999-02-16
8480018,1999-08-10
8480019,1999-02-15
8480021,1999-02-18
8480023,1999-07-02
8480025,1999-07-14
8480027,1999-07-22
8480028,1999-05-14
8480029,1999-09-13
8480031,1999-01-08
8480032,1999-07-30
8480034,1999-03-11
8480035,1999-06-17
8480036,1999-07-18
8480037,1999-01-09
8480039,1999-01-15
8480041,1999-06-16
8480043,1999-04-30
8480049,1999-01-24
8480053,1999-06-09
8480054,1999-04-21
8480056,1999-05-20
8480058,1999-07-01
8480060,1999-04-04
8480063,1999-06-23
8480064,1999-05-05
8480068,1999-01-03
8480069,1998-10-30
8480070,1999-01-18
8480071,1998-10-13
8480072,1998-10-13
8480073,1999-09-02
8480074,1999-09-13
8480075,1999-05-05
8480078,1999-09-05
8480081,1994-09-19
8480082,1993-11-30
8480083,1994-12-01
8480084,1994-11-21
8480087,1993-02-25
8480113,1993-12-21
8480143,1991-05-12
8480144,1995-01-12
8480145,1995-07-29
8480147,1991-10-07
8480153,1995-06-06
8480157,1994-02-02
8480158,1995-06-18
8480160,1992-09-20
8480161,1994-03-04
8480163,1991-12-08
8480164,1994-02-28
8480172,1990-07-29
8480184,1998-10-20
8480185,1998-09-02
8480186,1997-08-02
8480188,1999-08-25
8480192,1997-07-12
8480196,1997-11-18
8480201,1999-02-10
8480205,1999-06-01
8480208,1998-04-27
8480216,1999-07-19
8480220,1999-02-05
8480221,1998-08-06
8480222,1996-02-17
8480226,1998-10-28
8480231,1999-06-15
8480242,1999-01-14
8480245,1999-08-24
8480246,1998-06-15
8480247,1997-03-12
8480252,1999-04-06
8480259,1999-02-26
8480267,1999-06-07
8480274,1999-02-12
8480275,1997-09-09
8480276,1999-01-04
8480281,1999-06-25
8480289,1998-12-02
8480291,1999-07-27
8480292,1997-08-18
8480293,1997-04-14
8480304,1997-03-22
8480306,1995-07-25
8480314,1995-12-12
8480326,1994-04-23
8480328,1994-02-21
8480330,1994-05-19
8480336,1994-11-13
8480341,1994-06-22
8480355,1999-03-11
8480384,1997-07-17
8480426,1998-04-21
8480434,1998-10-21
8480439,1998-09-26
8480441,1999-05-26
8480443,1998-06-11
8480448,1999-05-14
8480459,1996-05-24
8480466,1999-07-02
8480467,1997-02-17
8480468,1999-04-27
8480727,1996-11-28
8480748,1995-03-31
8480761,1996-02-04
8480762,1995-06-14
8480769,1995-08-18
8480771,1995-03-30
8480776,1995-08-07
8480780,1990-08-05
8480789,2000-06-13
8480796,1999-10-06
8480797,2000-02-25
8480798,1999-10-12
8480800,1999-10-14
8480801,1999-09-16
8480802,1999-09-21
8480803,1999-10-20
8480806,1999-11-06
8480807,2000-03-14
8480813,2000-01-13
8480814,1999-10-07
8480817,2000-01-21
8480820,1999-10-20
8480821,1999-11-27
8480822,1999-10-02
8480823,1999-11-15
8480825,2000-01-03
8480828,1999-09-23
8480829,2000-07-06
8480830,2000-03-26
8480831,2000-08-06
8480833,1999-12-23
8480834,2000-05-23
8480835,2000-02-03
8480836,2000-05-04
8480839,2000-04-13
8480840,2000-03-12
8480842,2000-06-29
8480844,2000-06-24
8480845,2000-03-15
8480846,2000-05-31
8480847,2000-08-14
8480848,2000-07-21
8480849,2000-06-09
8480851,2000-01-02
8480853,2000-02-04
8480855,2000-01-06
8480858,2000-06-24
8480860,2000-06-27
8480863,2000-02-06
8480865,2000-01-07
8480870,2000-02-06
8480871,2000-08-15
8480873,2000-03-07
8480874,2000-01-13
8480876,2000-03-06
8480878,2000-07-27
8480879,2000-06-30
8480880,2000-03-28
8480883,2000-03-24
8480884,2000-04-11
8480887,2000-07-07
8480890,2000-09-15
8480891,2000-01-13
8480893,2000-07-21
8480901,1995-09-26
8480913,1995-05-09
8480935,1995-12-30
8480940,1994-03-04
8480943,1992-10-13
8480944,1991-10-05
8480945,1993-11-09
8480946,1995-07-02
8480948,1991-09-17
8480950,1994-04-06
8480954,1993-10-12
8480955,1990-02-14
8480965,1994-03-17
8480977,2000-09-15
8480979,1998-10-19
8480980,1999-06-26
8480988,2000-03-20
8480990,2000-01-12
8480994,2000-03-03
8480995,1999-03-09
8481003,1998-10-21
8481004,1998-12-31
8481006,2000-03-01
8481013,2000-07-16
8481014,2000-01-06
8481016,2000-07-22
8481019,2000-04-11
8481024,1999-11-16
8481028,1999-11-19
8481030,1999-07-22
8481032,1999-11-16
8481042,1999-10-17
8481043,1998-05-17
8481056,2000-01-04
8481058,1999-10-03
8481059,1998-08-18
8481061,1998-01-22
8481065,1999-10-02
8481068,1998-06-06
8481070,1998-07-11
8481072,2000-02-11
8481077,1998-08-07
8481093,1999-01-06
8481102,2000-06-07
8481105,1997-02-06
8481122,1998-09-19
8481133,2000-02-01
8481147,1998-07-10
8481161,1999-09-12
8481167,1999-08-23
8481178,2000-03-30
8481186,1996-08-14
8481206,2000-08-02
8481219,1999-05-16
8481237,1999-04-29
8481239,2000-03-14
8481422,1995-05-09
8481425,1995-02-18
8481426,1996-06-12
8481433,1996-06-30
8481441,1996-01-01
8481442,1996-06-05
8481461,1995-09-02
8481462,1996-02-01
8481477,1995-05-03
8481479,1995-05-28
8481481,1997-12-13
8481486,1995-05-11
8481489,1994-11-10
8481491,1998-08-31
8481515,1997-07-01
8481516,1994-05-25
8481517,1999-04-30
8481518,2000-11-29
8481521,1999-03-20
8481522,2001-01-26
8481523,2001-01-21
8481524,2001-06-13
8481525,2001-03-09
8481527,2001-01-29
8481528,2001-02-09
8481530,2001-05-28
8481532,2001-02-26
8481533,2001-03-20
8481534,2000-09-25
8481535,2000-12-20
8481536,2000-10-20
8481537,2000-12-04
8481540,2001-01-02
8481541,2000-12-09
8481542,2001-04-06
8481543,2000-09-16
8481546,2001-01-05
8481547,2000-10-08
8481550,2001-05-10
8481552,2001-01-04
8481553,2001-07-08
8481554,2001-02-13
8481555,2000-04-12
8481556,2001-04-05
8481557,2001-04-05
8481558,2001-02-14
8481559,2001-05-14
8481560,2001-06-26
8481562,2001-09-07
8481563,2001-03-26
8481564,2001-07-24
8481567,2001-03-12
8481568,2001-06-05
8481569,2001-04-20
8481572,2001-03-02
8481575,2000-09-24
8481576,2001-05-28
8481577,2001-07-28
8481578,2001-04-24
8481580,2001-01-15
8481581,2001-08-19
8481582,2001-09-11
8481585,2001-01-23
8481591,2001-02-25
8481592,2001-03-07
8481593,2001-09-08
8481594,2001-01-11
8481596,2000-11-12
8481598,2001-06-25
8481599,2001-02-26
8481600,2001-04-06
8481601,2001-05-24
8481604,2000-10-26
8481605,2001-01-09
8481606,2001-02-24
8481607,2001-01-04
8481609,2001-05-26
8481617,2001-06-24
8481618,2001-01-28
8481624,1994-10-10
8481626,1997-10-29
8481629,1996-05-01
8481630,1996-02-07
8481637,1993-03-01
8481638,1993-01-08
8481640,1998-10-04
8481641,1996-03-23
8481642,1993-02-26
8481649,1997-09-26
8481650,1993-07-23
8481655,2001-04-25
8481656,2001-01-06
8481657,1999-06-02
8481679,2001-04-28
8481683,1999-11-06
8481690,2000-09-30
8481699,2001-07-05
8481701,2001-01-15
8481703,1999-06-04
8481704,2001-02-01
8481708,2000-10-18
8481711,2000-10-14
8481712,2000-05-31
8481715,2001-04-29
8481716,2000-09-10
8481719,2000-04-19
8481720,1999-06-04
8481721,2001-03-15
8481725,2001-07-05
8481726,2000-10-12
8481732,2000-07-26
8481737,2000-10-07
8481740,1999-07-12
8481743,1999-10-11
8481751,1999-04-20
8481754,2001-09-10
8481789,2001-04-30
8481806,2001-05-04
8481812,1998-03-20
8481813,1992-01-31
8481815,1999-06-14
8481827,2001-07-13
8481848,2001-03-09
8481849,1999-04-24
8482055,1998-06-09
8482061,1998-03-11
8482062,1995-10-28
8482063,1995-07-31
8482067,1996-09-12
8482070,1998-01-26
8482072,1997-05-18
8482073,2001-09-20
8482074,2001-09-25
8482077,2001-09-23
8482078,2002-03-28
8482079,2001-09-23
8482081,2001-11-02
8482087,2002-01-18
8482088,2002-03-24
8482089,2002-03-29
8482090,2002-09-02
8482092,2002-08-08
8482093,2002-02-01
8482094,2002-05-15
8482095,2002-01-10
8482097,2001-09-19
8482100,2001-10-02
8482101,2002-02-06
8482102,2002-03-13
8482103,2002-03-09
8482105,2002-07-08
8482107,2002-01-05
8482109,2001-10-11
8482110,2001-10-27
8482111,2001-11-15
8482113,2001-10-03
8482116,2002-01-15
8482117,2002-05-17
8482118,2001-12-26
8482122,2002-08-22
8482124,2002-08-19
8482125,2002-01-23
8482126,2002-02-23
8482131,2002-01-12
8482132,2002-09-09
8482133,2002-01-03
8482141,2002-03-27
8482142,2002-04-08
8482144,2002-03-19
8482145,2002-01-08
8482146,2002-02-21
8482147,2002-05-13
8482148,2002-02-09
8482149,2002-01-01
8482150,2002-04-15
8482153,2001-10-22
8482155,2001-10-28
8482157,2002-02-05
8482159,2002-01-18
8482162,2002-08-08
8482165,2002-03-09
8482166,2002-01-10
8482167,2002-03-04
8482168,2001-12-14
8482169,2002-05-10
8482172,2002-06-25
8482175,2002-01-14
8482176,2002-07-31
8482177,2002-07-17
8482178,2002-01-04
8482179,1998-03-17
8482181,2001-11-15
8482192,2001-09-28
8482197,2001-09-25
8482201,2001-01-16
8482206,2002-08-30
8482207,2002-01-28
8482209,2002-04-12
8482213,2002-01-25
8482222,1994-06-17
8482240,1994-07-29
8482241,1996-04-29
8482243,1996-05-19
8482245,1995-10-03
8482247,1994-01-16
8482248,1993-08-27
8482250,1997-03-19
8482259,1996-06-15
8482369,1997-11-24
8482399,1996-02-06
8482408,1996-08-07
8482448,2002-08-07
8482451,2001-12-17
8482452,2002-01-21
8482460,2002-06-29
8482470,2000-07-20
8482475,2001-02-01
8482476,2001-11-16
8482479,2001-06-20
8482482,2000-08-07
8482496,2000-02-07
8482507,2002-01-09
8482511,2001-01-17
8482516,2000-06-23
8482623,1998-12-08
8482624,1997-07-11
8482634,1999-12-10
8482635,1999-02-05
8482641,1998-04-14
8482652,1997-11-23
8482654,1997-09-26
8482655,2000-06-06
8482659,2002-02-01
8482660,2002-10-18
8482663,2003-03-04
8482665,2002-11-05
8482666,2002-11-01
8482667,2002-10-12
8482671,2002-11-22
8482673,2002-10-22
8482679,2002-11-14
8482684,2003-09-09
8482691,2002-11-14
8482698,2002-10-10
8482699,2003-04-10
8482700,2003-04-28
8482702,2003-02-26
8482703,2003-01-04
8482705,2003-05-16
8482711,2003-01-17
8482712,2002-11-10
8482713,2002-11-15
8482715,2003-05-07
8482720,2002-10-17
8482726,2002-11-26
8482730,2003-02-09
8482733,2003-04-15
8482737,2003-02-24
8482740,2003-05-14
8482742,2003-05-15
8482744,2003-05-31
8482745,2003-01-30
8482747,2003-01-05
8482749,2003-08-06
8482751,2003-09-04
8482758,2003-06-13
8482762,2003-02-05
8482763,2003-01-19
8482765,2003-03-15
8482766,2003-06-07
8482768,2003-04-05
8482775,2003-07-29
8482781,2003-01-14
8482784,2003-01-04
8482785,2003-03-13
8482787,2003-02-16
8482802,2002-03-28
8482803,2003-09-10
8482804,2003-02-02
8482807,2003-01-15
8482809,2003-08-03
8482815,1994-10-27
8482824,2000-05-29
8482829,2002-09-21
8482834,1994-09-21
8482858,2001-12-13
8482859,2003-05-29
8482861,2002-11-14
8482866,2002-08-12
8482874,2003-04-22
8482877,2003-07-20
8482896,2002-12-29
8482911,2002-05-14
8482929,2001-02-02
8482941,2003-08-30
8482947,2001-02-24
8482953,2001-03-13
8482964,2001-01-30
8482993,2002-10-10
8483012,2002-07-09
8483017,2003-08-21
8483039,2000-02-23
8483045,2002-06-09
8483395,2001-01-09
8483397,1999-07-26
8483398,2000-05-18
8483401,1996-06-19
8483406,1998-03-31
8483407,1999-06-02
8483424,2004-02-03
8483425,2004-05-18
8483429,2004-01-08
8483431,2004-05-04
8483432,2003-11-10
8483433,2003-10-01
8483435,2004-04-05
8483444,2003-11-06
8483445,2004-01-19
8483447,2004-05-05
8483448,2004-02-15
8483450,2003-10-21
8483452,2004-04-04
8483455,2004-03-30
8483457,2004-02-14
8483460,2003-11-28
8483461,2004-01-10
8483463,2004-02-06
8483464,2004-04-08
8483465,2004-04-27
8483466,2004-06-21
8483467,2004-02-05
8483468,2004-04-14
8483471,2003-12-19
8483472,2004-01-13
8483476,2004-07-24
8483481,2004-06-07
8483482,2004-01-12
8483485,2004-07-12
8483487,2004-03-30
8483489,2004-07-05
8483490,2003-11-25
8483491,2004-02-04
8483493,2004-01-14
8483495,2004-02-15
8483497,2004-07-30
8483499,2004-01-28
8483500,2004-03-11
8483503,2004-01-27
8483505,2004-03-10
8483506,2004-06-25
8483510,2004-08-31
8483512,2004-01-01
8483513,2003-09-21
8483515,2004-03-30
8483516,2004-06-01
8483524,2004-01-05
8483525,2003-12-22
8483526,2003-12-19
8483531,1999-01-11
8483538,1997-09-23
8483546,1998-03-16
8483549,1997-11-06
8483553,1999-07-22
8483565,1998-05-12
8483567,2000-10-10
8483569,1997-11-22
8483570,1998-11-15
8483573,1998-02-05
8483597,1999-07-06
8483609,2000-09-14
8483619,1999-01-05
8483620,1997-11-24
8483630,1999-12-07
8483641,1995-11-28
8483669,2004-09-07
8483675,2003-03-10
8483676,2002-07-02
8483678,2004-02-16
8483686,2003-11-17
8483690,2003-08-04
8483699,2004-04-27
8483728,2002-07-07
8483731,2003-11-20
8483733,2003-05-02
8483752,2002-07-03
8483756,2002-11-22
8483763,2002-08-25
8483766,2003-02-18
8483768,2002-05-26
8483771,2004-01-23
8483808,1996-02-04
8483841,2001-03-23
8483890,2003-06-26
8483920,2001-01-07
8483930,2002-08-20
8484125,2002-08-18
8484135,2000-07-20
8484136,2000-09-05
8484142,2005-04-27
8484144,2005-07-17
8484145,2005-05-12
8484149,2004-10-05
8484150,2004-11-29
8484152,2004-12-21
8484153,2004-12-26
8484158,2005-05-20
8484160,2004-09-27
8484164,2005-06-15
8484166,2004-10-12
8484168,2005-02-18
8484169,2005-04-28
8484177,2004-11-07
8484180,2004-11-12
8484185,2005-07-08
8484186,2005-01-21
8484188,2005-01-05
8484197,2005-01-22
8484203,2005-05-05
8484210,2005-05-07
8484214,2005-04-05
8484221,2005-01-21
8484223,2005-03-11
8484227,2005-03-17
8484230,2005-05-29
8484234,2004-11-16
8484240,2005-02-09
8484241,2005-02-06
8484254,1999-04-09
8484255,1999-06-17
8484256,1999-04-16
8484258,1998-07-27
8484259,2000-08-29
8484262,1999-11-25
8484287,2001-06-09
8484304,1996-08-01
8484305,1998-10-19
8484314,1996-11-05
8484321,1998-10-05
8484325,1998-07-06
8484326,1996-12-08
8484386,2005-02-04
8484387,2004-12-09
8484388,2005-02-15
8484403,2004-06-27
8484406,2003-02-26
8484428,2003-09-05
8484471,2005-06-27
8484509,2002-03-22
8484529,2005-05-02
8484759,2005-09-29
8484762,2006-01-28
8484768,2006-02-15
8484779,2006-08-21
8484783,2005-10-28
8484793,2006-03-17
8484794,2005-10-05
8484797,2006-05-11
8484798,2005-12-07
8484800,2006-01-14
8484801,2006-06-13
8484806,2006-06-07
8484821,1999-07-28
8484829,2001-02-23
8484839,2006-05-08
8484860,2006-03-01
8484873,2006-06-28
8484901,2002-02-02
8484911,2002-09-21
8484929,1998-02-09
8484933,2001-07-01
8484938,2001-04-06
8484958,1998-09-19
8484976,1998-03-17
8484984,2005-12-10
8484994,2005-11-30
8485105,2004-02-20
8485251,2003-06-24
8485366,2007-09-05
8485385,2007-02-09
8485391,2007-05-07
8485402,2007-02-16
8485405,2007-03-16
8485406,2006-10-26
8485414,2007-04-19
8485469,2002-03-02
8485483,2002-09-17
8485493,1996-02-10
8485511,2002-01-01
8485512,2001-08-25
8485702,2000-10-07
8486056,2002-09-23
8448382,1967-04-29
8448535,1970-04-06
8455710,1972-05-06
8458568,1972-11-26
8458988,1974-08-27
8459140,1973-01-13
8459308,1973-02-04
8459463,1975-04-04
8459579,1974-07-07
8460535,1976-09-13
8460612,1975-08-13
8460703,1974-04-15
8460704,1973-05-05
8460705,1975-07-25
8460712,1976-07-02
8460806,1969-10-12
8462044,1977-05-16
8462047,1977-08-15
8462052,1977-01-02
8462055,1977-08-01
8462117,1977-05-20
8462147,1976-10-26
8462152,1976-04-20
8462161,1977-03-12
8464999,1978-01-09
8465161,1977-08-20
8466141,1979-04-04
8466339,1977-07-23
8467391,1980-01-18
8467430,1980-09-02
8467453,1980-05-04
8467511,1980-06-18
8467913,1981-01-07
8467950,1981-05-21
8467959,1980-06-25
8467972,1981-09-07
8468011,1980-07-17
8468038,1981-05-19
8468166,1979-10-05
8468481,1981-09-19
8468489,1982-04-02
8468524,1980-06-22
8468540,1980-06-19
8468550,1979-09-19
8468685,1982-03-02
8469152,1976-03-30
8469461,1982-11-07
8469514,1982-09-18
8469548,1982-09-28
8469569,1983-06-24
8469608,1982-03-22
8469658,1975-09-03
8469675,1974-09-03
8469732,1980-02-07
8470074,1984-05-15
8470090,1973-11-29
8470093,1983-04-11
8470140,1983-11-16
8470147,1983-05-23
8470216,1984-06-18
8470263,1983-05-23
8470266,1984-01-21
8470320,1984-02-29
8470584,1979-01-30
8470594,1984-11-28
8470645,1984-12-31
8470657,1984-03-26
8470772,1985-06-05
8470800,1983-03-30
8470820,1983-07-14
8470860,1985-05-13
8470880,1985-04-09
8471186,1981-06-21
8471219,1985-02-13
8471227,1986-05-04
8471230,1986-04-01
8471239,1986-03-18
8471251,1986-08-30
8471301,1985-11-19
8471302,1986-04-22
8471305,1986-03-28
8471306,1986-01-29
8471403,1986-07-01
8471418,1986-05-07
8471433,1986-04-28
8471469,1982-11-03
8471679,1987-08-16
8471695,1987-03-10
8471712,1987-05-13
8471715,1987-08-31
8471734,1986-01-21
8471750,1986-11-21
8471774,1987-07-28
8471781,1986-10-17
8471822,1987-02-04
8473404,1978-02-13
8473414,1988-04-11
8473434,1986-06-10
8473461,1988-05-29
8473474,1988-03-01
8473499,1987-01-03
8473503,1988-03-15
8473523,1988-06-25
8473532,1986-05-10
8473541,1988-08-07
8473553,1987-06-09
8473575,1988-04-27
8473607,1988-03-23
8473614,1987-07-25
8473632,1985-01-11
8473638,1985-09-30
8473972,1982-02-12
8473975,1982-03-08
8474057,1989-06-17
8474092,1989-04-13
8474152,1988-12-22
8474194,1989-07-07
8474202,1984-02-27
8474488,1983-02-11
8474550,1983-08-29
8474591,1989-12-07
8474593,1990-01-31
8474596,1990-08-07
8474636,1990-03-02
8474651,1989-09-16
8474667,1989-12-29
8474682,1989-09-16
8474690,1990-04-12
8474708,1990-06-04
8474729,1989-01-15
8474754,1990-04-09
8474765,1988-05-03
8474771,1984-02-17
8474855,1983-09-29
8474889,1990-01-10
8475080,1981-07-24
8475097,1986-03-19
8475130,1987-01-05
8475156,1988-07-18
8475195,1990-03-19
8475215,1991-07-24
8475234,1991-07-13
8475252,1990-03-07
8475277,1990-11-20
8475299,1991-04-16
8475303,1990-05-01
8475311,1990-05-05
8475361,1984-10-24
8475431,1983-11-27
8475622,1985-12-19
8475660,1987-07-05
8475663,1988-01-05
8475680,1987-05-22
8475681,1986-09-11
8475683,1988-09-20
8475717,1992-04-15
8475720,1992-03-26
8475771,1992-08-07
8475781,1992-02-11
8475789,1992-01-09
8475809,1992-08-14
8475824,1992-08-06
8475831,1991-11-25
8475839,1992-03-06
8475852,1992-02-14
8475876,1992-08-20
8475883,1989-10-02
8475920,1992-09-13
8476234,1989-07-04
8476243,1985-07-01
8476309,1992-05-18
8476316,1993-03-23
8476319,1991-08-08
8476330,1992-11-26
8476341,1992-11-27
8476343,1993-06-28
8476412,1993-07-11
8476433,1991-04-04
8476434,1993-07-14
8476444,1992-12-27
8476509,1993-01-12
8476763,1988-11-02
8476803,1987-04-09
8476839,1982-08-08
8476844,1989-09-04
8476846,1984-02-16
8476861,1994-02-28
8476876,1993-12-21
8476883,1994-07-25
8476899,1994-05-25
8476903,1994-01-22
8476904,1994-05-18
8476914,1994-04-28
8476932,1994-01-20
8476945,1993-05-19
8476986,1994-07-22
8476992,1991-07-18
8476999,1993-07-31
8477035,1994-06-19
8477084,1994-06-15
8477092,1993-04-20
8477180,1989-05-04
8477202,1988-02-11
8477225,1991-11-05
8477234,1989-08-27
8477237,1990-04-27
8477293,1989-05-12
8477312,1994-05-01
8477356,1992-07-31
8477361,1994-10-19
8477405,1994-11-25
8477424,1995-04-19
8477457,1995-05-28
8477465,1995-04-29
8477480,1995-07-06
8477484,1995-06-08
8477831,1992-01-18
8477914,1992-05-22
8477967,1995-12-08
8477968,1996-01-07
8477970,1996-01-09
8477990,1996-03-29
8477992,1995-09-19
8478007,1994-04-13
8478009,1995-08-04
8478024,1995-02-06
8478039,1996-08-16
8478048,1995-12-30
8478406,1996-12-09
8478433,1997-01-12
8478435,1997-08-20
8478470,1996-10-30
8478492,1997-02-22
8478499,1996-05-11
8478559,1992-02-14
8478848,1997-01-06
8478872,1996-05-25
8478902,1996-10-14
8478903,1997-05-12
8478905,1996-11-28
8478916,1996-08-19
8478933,1997-07-09
8478965,1995-04-10
8478971,1997-03-31
8478999,1991-04-29
8479016,1995-08-24
8479115,1979-01-30
8479138,1982-01-17
8479193,1991-08-13
8479288,1993-10-02
8479292,1993-12-18
8479294,1992-05-30
8479312,1992-12-09
8479313,1997-12-30
8479361,1998-07-12
8479380,1998-01-03
8479394,1998-08-13
8479406,1998-06-07
8479496,1992-08-19
8479530,1997-05-02
8479581,1998-01-06
8479973,1998-11-01
8479979,1998-12-18
8480022,1999-06-09
8480042,1999-06-22
8480045,1999-03-09
8480051,1999-08-11
8480112,1995-07-07
8480162,1996-08-26
8480191,1999-06-03
8480193,1999-03-27
8480199,1999-04-19
8480213,1996-03-01
8480238,1999-02-24
8480263,1998-09-20
8480280,1998-11-24
8480313,1997-02-25
8480363,1998-09-23
8480373,1998-01-31
8480382,1996-02-10
8480420,1994-06-20
8480591,1994-07-25
8480819,1999-11-10
8480843,2000-06-22
8480867,2000-08-22
8480885,2000-07-06
8480925,1990-06-03
8480947,1995-04-28
8480981,2000-07-30
8480992,2000-08-28
8481001,1997-02-13
8481020,2000-03-11
8481031,1999-03-05
8481033,2000-05-12
8481035,1999-10-20
8481501,1995-08-08
8481519,2001-04-19
8481529,2001-02-05
8481544,2000-12-13
8481551,2000-10-05
8481597,2001-06-04
8481611,1999-06-25
8481668,2001-03-22
8481692,2001-04-16
8481707,2000-09-03
8482076,2000-12-22
8482123,2002-07-19
8482137,2002-06-16
8482193,2002-06-07
8482221,2001-12-27
8482246,1998-06-29
8482411,1995-11-07
8482445,1997-05-25
8482446,2002-01-10
8482447,2002-08-13
8482487,2001-05-27
8482515,2001-10-31
8482657,2002-11-21
8482661,2002-11-14
8482668,2002-10-21
8482761,2003-05-20
8482783,2002-01-04
8482821,1999-08-19
8482949,2002-12-16
8482982,2001-03-30
8483114,2003-04-14
8483158,1998-01-20
8483183,1999-11-08
8483530,1999-04-27
8483532,1999-03-03
8483548,1998-06-25
8483575,1998-02-02
8483668,2004-03-14
8483703,2004-04-01
8483710,2001-08-19
8483746,2002-05-29
8484170,2004-11-24
8484268,2000-04-06
8484293,2000-03-04
8484312,1999-12-15
8484910,2000-10-03
